UserName,Password,ID,AccountBalance,gender
mostafa,mostafa,1,100000.00,male
ahmed,ahmed,2,1231241.00,male
ahmed2,ahmed,3,0.00,Male
ahmed3,ahmed,4,0.00,Male
ahmed10,ahmed,5,0.00,Male
momo,lol,6,0.00,Male
zoz,zozo,7,0.00,Female
mostafa,mostafa,8,100000.00,male
ahmed,ahmed,9,1231241.00,male
ahmed2,ahmed,10,0.00,Male
ahmed3,ahmed,11,0.00,Male
ahmed10,ahmed,12,0.00,Male
momo,lol,13,0.00,Male
zoz,zozo,14,0.00,Female
mostafa,fdhfds,15,0.00,male
mostafa,mostafa,16,100000.00,male
ahmed,ahmed,17,1231241.00,male
ahmed2,ahmed,18,0.00,Male
ahmed3,ahmed,19,0.00,Male
ahmed10,ahmed,20,0.00,Male
momo,lol,21,0.00,Male
zoz,zozo,22,0.00,Female
mostafa,fdhfds,23,0.00,male
mostafa,mostafa,24,100000.00,male
ahmed,ahmed,25,1231241.00,male
ahmed2,ahmed,26,0.00,Male
ahmed3,ahmed,27,0.00,Male
ahmed10,ahmed,28,0.00,Male
momo,lol,29,0.00,Male
zoz,zozo,30,0.00,Female
mostafa,mostafa,31,100000.00,male
ahmed,ahmed,32,1231241.00,male
ahmed2,ahmed,33,0.00,Male
ahmed3,ahmed,34,0.00,Male
ahmed10,ahmed,35,0.00,Male
momo,lol,36,0.00,Male
zoz,zozo,37,0.00,Female
mostafa,fdhfds,38,0.00,male
mostafa,mostafa,39,100000.00,male
ahmed,ahmed,40,1231241.00,male
ahmed2,ahmed,41,0.00,Male
ahmed3,ahmed,42,0.00,Male
ahmed10,ahmed,43,0.00,Male
momo,lol,44,0.00,Male
zoz,zozo,45,0.00,Female
mostafa,fdhfds,46,0.00,male
mostafa,mostafa,1,100000.00,male
ahmed,ahmed,2,1231241.00,male
ahmed2,ahmed,3,0.00,Male
ahmed3,ahmed,4,0.00,Male
ahmed10,ahmed,5,0.00,Male
momo,lol,6,0.00,Male
zoz,zozo,7,0.00,Female
mostafa,mostafa,8,100000.00,male
ahmed,ahmed,9,1231241.00,male
ahmed2,ahmed,10,0.00,Male
ahmed3,ahmed,11,0.00,Male
ahmed10,ahmed,12,0.00,Male
momo,lol,13,0.00,Male
zoz,zozo,14,0.00,Female
mostafa,fdhfds,15,0.00,male
mostafa,mostafa,1,100000.00,male
ahmed,ahmed,2,1231241.00,male
ahmed2,ahmed,3,0.00,Male
ahmed3,ahmed,4,0.00,Male
ahmed10,ahmed,5,0.00,Male
momo,lol,6,0.00,Male
zoz,zozo,7,0.00,Female
mostafa,fdhfds,0,0.00,male
